,Country,Currency,Currency abbreviation,GDP per capita PPP,GDP per capita,Forex score,today_rate,PPP,coffee,Final score,id
134,Lebanon,Lebanese Pound,LBP,14256.68971,4136.1,64.69513681317751,0.0020636547768875,0.29011643545126997,1.0033809264734908,7.103846452914454,134
185,Syrian Arab Republic,Syrian Pound,SYP,4684.72,726.74,-4.387049933115906,0.0122950891385655,0.15512986902098738,1.876474850558274,3.6635872538012317,185
159,Pakistan,Pakistan Rupee,PKR,5748.005952,1505.0,1.3932384777358169,0.1092087574183831,0.26182993068689153,1.1117800666432962,3.559137547025659,159
206,Zambia,Kwacha,ZMW,3555.920229,1137.3,2.41559247875199,1.4605697224874363,0.31983282153655984,0.9101545500858073,3.45299279130102,206
203,Venezuela (Bolivarian Republic of),Bolivar Digital,VEF,17131.39,15975.7,9.280560086431612,1.27369033449e-05,0.9325396246305758,0.31215541956579024,3.434429727041292,203
183,Suriname,Surinam Dollar,SRD,16222.6757,4869.1,0.6079384244252042,0.8759525490190853,0.3001416098085472,0.9698665172548571,3.3317992654264175,183
105,Egypt,Egyptian Pound,EGP,12706.40445,3698.8,0.0,1.0,0.2910972977882819,1.0,3.2980925781776165,105
170,Russian Federation,Russian Ruble,RUB,32862.62109,12194.8,0.4151237938139027,0.3997376801276031,0.3710842165207218,0.7844507656984292,3.1203694157439497,170
37,Argentina,Argentine Peso,ARS,23649.6703,10636.1,1.4208235289541578,0.1502230400127926,0.44973565656854,0.6472631056415215,3.0832129138073867,37
182,Sudan,Sudanese Pound,SDG,4065.976074,751.8,-6.150477940466392,0.0540655223433411,0.1849002518257317,1.5743477627204145,3.0812165450935014,182
201,Uzbekistan,Uzbekistan Sum,UZS,8497.448308,1983.2,-3.9418041918367104,0.0027079225652326,0.23338770982965534,1.2472691814009724,3.077093966634898,201
132,Kyrgyzstan,Som,KGS,5289.687125,1276.7,-3.7088827672761724,0.3533683277972569,0.24135642994196937,1.2060888448601597,3.066226451868413,132
188,Tajikistan,Somoni,TJS,3903.32,1279.61,-2.2978814706415407,2.830351891037303,0.32782605576791035,0.8879626639389788,2.919024792688071,188
123,Iran (Islamic Republic of),Iranian Rial,IRR,16484.07536,4091.2,-4.5645414265546735,0.0007348616478906,0.2481910517060388,1.1728758784303872,2.9131444430764994,123
130,Kenya,Kenyan Shilling,KES,5211.170533,2081.8,-1.479195853604639,0.2348905600846063,0.3994879819834904,0.7286759825488619,2.852577921239676,130
60,Bhutan,Ngultrum,BTN,11983.31697,3266.4,-4.311881839074053,0.3751753252951743,0.2725789535716504,1.067937542403705,2.840936570768842,60
150,Myanmar,Kyat,MMK,4430.222427,1209.9,-4.334006580993475,0.0147398050707644,0.2731014119350446,1.0658945178120043,2.835713611397696,150
0,Afghanistan,Afghan Afghani,AFN,1665.805842,368.8,-6.083351557378337,0.3563753781220127,0.2213943490300234,1.3148361693224884,2.824999250310716,0
137,Libya,Libyan Dinar,LYD,24130.82983,6357.2,-4.799324192252138,6.448965233867647,0.2634472185493009,1.10495491047975,2.8090562867827478,137
67,Burundi,Burundi Franc,BIF,774.5428909,221.5,-4.194238731035177,0.0148769142275938,0.2859751249444978,1.017911253102095,2.805863727591851,67
152,Nepal,Nepalese Rupee,NPR,4209.759393,1208.2,-4.311881836730206,0.2343747151617518,0.28699977533371585,1.0142770928994687,2.785635010508642,152
186,Turkiye,New Turkish Lira,TRY,30737.0175,9661.2,-3.663882165672707,1.6221124621155394,0.3143180694093043,0.9261233321244909,2.7837356587790456,186
171,Rwanda,Rwanda Franc,RWF,2459.707347,822.3,-3.29181805293146,0.0281330298607196,0.33430806351939557,0.8707456671065109,2.775834763613512,171
111,Gambia,Dalasi,GMD,2646.0,772.2,-4.336849555241319,0.5024357575061407,0.29183673469387755,0.9974662651486583,2.764791609611435,111
133,Lao People's DR,Kip,LAK,8620.647618,2535.6,-4.410743838148261,0.0018304967943958,0.29413103427469195,0.9896857654144146,2.7463179807381266,133
196,Uganda,Uganda Shilling,UGX,2467.899337,883.9,-3.2764725347288968,0.0081978967916187,0.3581588546777911,0.8127602989186474,2.718076404714605,196
106,Eritrea,Nakfa,ERN,2102.95,643.8,-4.397389835393997,2.059452119295542,0.3061413728334007,0.9508590593101389,2.7081979450561473,106
205,Yemen,Yemeni Rial,YER,2285.0,701.7,-4.399651028372122,0.1234579998747946,0.30708971553610503,0.9479226527664588,2.7048511544894045,205
121,India,Indian Rupee,INR,7241.98423,2256.6,-4.311881839074053,0.3751753252951743,0.3115996843312651,0.9342028006639863,2.7031117856308655,121
118,Haiti,Gourde,HTG,3153.12702,1829.6,-0.7987843708658661,0.1982412100737523,0.5802493805022799,0.5016761888419424,2.6965131022251927,118
49,Belarus,Belarussian Ruble,BYN,21698.57409,7302.3,-3.8500862786200747,12.234499462615092,0.3365336344089696,0.8649872346326264,2.695618806023814,49
29,Angola,Kwanza,AOA,6491.125578,1953.5,-4.71746267232509,0.0611759951387744,0.30094934638468335,0.967263432485385,2.6791183117365214,29
154,Nicaragua,Cordoba Oro,NIO,6194.70035,2045.5,-4.146191315481661,0.8458714044360739,0.33020160531251525,0.8815744475644703,2.672045089479434,154
147,Mongolia,Tugrik,MNT,12818.87945,4566.1,-3.74071233229353,0.0087482530364354,0.35620118106345094,0.8172272110923408,2.6611900279801133,147
44,Azerbaijan,Azerbaijanian Manat,AZN,15854.55084,5388.0,-4.1408291783568485,18.11967147584348,0.33983933410503353,0.8565732938327645,2.6470241103939016,44
38,Armenia,Armenian Dram,AMD,15592.48736,4966.5,-4.849255070216888,0.0797038307945891,0.31851877672453666,0.9139093801054952,2.604827998601018,38
2,Algeria,Algerian Dinar,DZD,11039.81,3690.6,-4.618947264438622,0.2265129983900645,0.3342992315990946,0.8707686715157569,2.5939591819122536,2
108,Ethiopia,Ethiopian Birr,ETB,2547.716814,925.1,-4.11647644810034,0.5744166651435704,0.3631094299478137,0.8016792563886831,2.5938298363247583,108
155,Nigeria,Naira,NGN,5407.979457,2065.7,-3.8187425572619063,0.0670923954041356,0.3819726048193825,0.7620894643110037,2.5938254288703386,155
69,Cambodia,Riel,KHR,4783.903614,1625.2,-4.5562776633416044,0.0076230506666825,0.3397225636494607,0.8568677177670416,2.588659192178061,69
204,Viet Nam,Dong,VND,11676.10856,3756.5,-4.9753374191472055,0.0013138083862068,0.3217253403132113,0.9048006523355857,2.5767604537108046,204
129,Kazakhstan,Tenge,KZT,28684.89806,10373.8,-4.289973966165974,0.0675785127497604,0.3616467445099925,0.8049216596231208,2.5729582089440903,129
179,Somalia,Somali Shilling,SOS,1248.812487,447.0,-4.355064162762292,0.0542983428711365,0.35794004676700514,0.8132571373824696,2.5723774672893054,179
136,Liberia,Liberian Dollar,LRD,1563.552927,675.7,-3.3289053692011614,0.1926380385644117,0.43215678109245104,0.6735918780504052,2.567807973561243,136
61,Bolivia (Plurinational State of),Boliviano,BOB,8846.081965,3345.2,-4.149281357319203,4.465102273696569,0.37815611625977064,0.7697807473469912,2.556403030103357,61
197,Ukraine,Hryvnia,UAH,14219.79004,4835.6,-4.800762115188363,0.8426292193378427,0.34006127983588713,0.8560142393417001,2.5522912730457934,197
107,Eswatini,Lilangeni,SZL,9730.068125,3978.4,-3.7462335440109182,1.7016148282961088,0.40887689057161664,0.7119436302240586,2.55194271950791,107
122,Indonesia,Rupiah,IDR,13027.30061,4332.7,-4.949662986875728,0.0020299749687168,0.33258616882411834,0.875253769023158,2.5501309980897777,122
47,Bangladesh,Taka,BDT,6493.809393,2457.9,-4.262964367674856,0.2927641893859422,0.3784989443406659,0.7690835130210598,2.539815509031938,47
149,Mozambique,Metical,MZN,1347.720024,491.8,-4.516464746040747,0.4845001198372264,0.3649125866219229,0.7977178876810868,2.5334097651323453,149
172,Samoa,Tala,WST,6079.764271,3857.3,-1.9303808992025056,11.080971037116557,0.634448940462876,0.4588191093453565,2.5211949869981067,172
192,Tunisia,Tunisian Dinar,TND,11282.48463,3807.1,-5.077635555757965,9.989864341032732,0.3374345390089842,0.8626778356572783,2.5180355834901613,192
135,Lesotho,Loti,LSL,2521.530663,1094.1,-3.7462335440109182,1.7016148282961088,0.4339031113340857,0.6708808722142354,2.5096241287942767,135
145,Mauritius,Mauritius Rupee,MUR,23035.283,9106.2,-4.292794376084731,0.6715812929266565,0.395315308259942,0.7363673799266816,2.501910923540555,145
194,U.R. of Tanzania: Mainland,Tanzanian Shilling,TZS,2836.242432,1099.3,-4.412040604719204,0.0132144454892246,0.38759028057584605,0.7510438532044619,2.5001935799397956,194
109,Fiji,Fiji Dollar,FJD,11380.5695,4646.6,-4.143455796508047,13.926541783248172,0.40829239696660174,0.712962817703641,2.4986567655212104,109
176,Seychelles,Seychelles Rupee,SCR,31596.15966,14653.3,-3.678165120813401,2.238273131197358,0.46376838697111455,0.6276781815367952,2.4742491407831473,176
140,Madagascar,Malagasy Ariary,MGA,1607.935225,500.5,-5.8422769688278535,0.0072801240461199,0.31126875773245155,0.9351960020301561,2.4733942462802254,140
195,Zanzibar,Tanzanian Shilling,TZS,2581.7,1039.56,-4.412040604719204,0.0132144454892246,0.40266491071774413,0.7229269053253371,2.4712167243391905,195
128,Jordan,Jordanian Dinar,JOD,10132.50388,4103.3,-4.3973898351095535,43.57091930808623,0.40496406896021836,0.7188225329118714,2.4690649869811776,128
117,Guyana,Guyana Dollar,GYD,24086.90092,9998.5,-4.270528435000433,0.1469529328232856,0.41510113871469356,0.701268367245695,2.4688653735184833,117
63,Botswana,Pula,BWP,16304.15336,6805.2,-4.251973582553668,2.350028539202653,0.4173905783231666,0.6974218224037114,2.4675026578776187,63
82,Colombia,Colombian Peso,COP,16819.17629,6104.1,-5.0369483189455,0.006517360165253,0.3629250264550263,0.8020865924614178,2.4616992290173987,82
142,Malaysia,Malaysian Ringgit,MYR,28929.4742,11109.3,-4.746421346234799,6.977805461657555,0.38401320131839795,0.7580398194355917,2.4592732259281,142
189,Thailand,Baht,THB,18760.75522,7066.2,-4.88540981653814,0.902823434349196,0.3766479503163626,0.7728630875165441,2.4541329260682776,189
64,Brazil,Brazilian Real,BRL,16031.08617,7507.2,-3.8185325135768062,5.88158857894191,0.4682901657685993,0.6216173626249598,2.4490856892099675,64
180,South Africa,Rand,ZAR,14624.41517,7055.0,-3.7462335440109182,1.7016148282961088,0.48241245328376436,0.6034199486493207,2.4401000307581833,180
151,Namibia,Namibian Dollar,NAD,10038.73827,4865.6,-3.7462335440109182,1.7016148282961088,0.48468242413894513,0.6005938802204891,2.4371875319645113,151
156,North Macedonia,Denar,MKD,18222.2861,6694.6,-5.1539839590016605,0.5389940612789093,0.36738529750117355,0.792348795034053,2.4340319854210195,156
112,Georgia,Lari,GEL,15486.66,5023.3,-5.88538713176321,11.99042566780502,0.32436303244211473,0.8974428916779554,2.4274736708378,112
51,Benin,CFA Franc BCEAO,XOF,3649.04065,1319.2,-5.365212313336973,0.0507449687828329,0.3615196777816109,0.8052045730250119,2.414962679227622,51
162,Paraguay,Guarani,PYG,15037.18964,5891.5,-5.023428862543161,0.0042975289512868,0.39179528495990956,0.7429831571813541,2.4028127145112803,162
86,Cuba,Cuban Convertible Peso,CUC,21016.65,9499.6,-4.39738983292467,30.89178178943313,0.4520035305341241,0.6440155399766406,2.3919701531887676,86
119,Honduras,Lempira,HNL,6121.565844,2771.7,-4.394250915784326,1.2564456350441495,0.4527763109363036,0.6429163601477229,2.3912822762524186,119
52,Burkina Faso,CFA Franc BCEAO,XOF,2394.705365,893.1,-5.365212313336973,0.0507449687828329,0.3729477592747616,0.7805310276011659,2.3895345365296525,52
168,Republic of Moldova,Moldovan Leu,MDL,15390.46583,5230.7,-5.875355780491358,1.6719928974803813,0.3398662560170214,0.8565054418750622,2.3869189677196356,168
95,El Salvador,US Dollar,USD,9981.88602,4551.2,-4.39738983292467,30.89178178943313,0.4559458994904452,0.6384470133706777,2.3862313229265784,95
55,Mali,CFA Franc BCEAO,XOF,2329.706181,873.8,-5.365212313336973,0.0507449687828329,0.3750687563634875,0.7761171594526871,2.384985677936308,55
160,Panama,Balboa,PAB,31900.94175,14617.6,-4.39738983292467,30.89178178943313,0.45821844742248086,0.6352806165394036,2.3829680873809393,160
141,Malawi,Kwacha,MWK,1638.152251,634.8,-5.27240411790327,0.0302846469860623,0.3875097687730125,0.7511998954503645,2.3735865874044446,141
169,Romania,New Leu,RON,35869.63348,14858.2,-4.988244503802128,6.740771571057762,0.4142278177524328,0.7027468588849313,2.3666029079639235,169
116,Guinea,Guinea Franc,GNF,2900.668958,1189.2,-5.079049574702928,0.0036108467551297,0.40997439460308105,0.7100377526506487,2.360514585950247,116
174,Saudi Arabia,Saudi Riyal,SAR,48710.94768,23185.9,-4.397389836447786,8.237808477182169,0.47598950758085523,0.6115624255411426,2.358524516454907,174
85,Cuba,Cuban Peso,CUP,21016.65,9499.6,-4.64343020403963,1.294633853797419,0.4520035305341241,0.6440155399766406,2.3567319314526647,85
143,Maldives,Rufiyaa,MVR,20615.37308,10366.3,-4.22906855950698,1.9999562888800169,0.5028431918147949,0.5789027325550381,2.348564922648538,143
54,Guinea-Bissau,CFA Franc BCEAO,XOF,2011.94848,795.1,-5.365212313336973,0.0507449687828329,0.3951890457950494,0.7366026484935746,2.344262684704143,54
89,D.R. of the Congo,Franc Congolais,CDF,1179.499142,577.2,-4.387900811563377,0.0151264806930136,0.4893602542357764,0.5948527598402581,2.3426484672727206,89
93,Dominican Republic,Dominican Peso,DOP,20462.51713,8476.8,-5.155612930696305,0.5644197472595678,0.41425988533796765,0.7026924597123243,2.341386903782424,93
46,Bahrain,Bahraini Dinar,BHD,54256.77143,26563.0,-4.39738983520415,82.1589941208328,0.4895794441855163,0.5945864379019484,2.3410293480726088,46
101,Timor-Leste,US Dollar,USD,5528.580523,2741.4,-4.39738983292467,30.89178178943313,0.49585964943356226,0.5870558294485395,2.333268429441203,101
124,Iraq,Iraqi Dinar,IQD,9846.0415,4775.4,-4.509527975554164,0.0211960715822839,0.4850070965067535,0.6001918320059643,2.3308355448305695,124
16,Kosovo,Euro,EUR,13055.90078,5269.8,-5.365212264027239,33.28651748788077,0.40363358214797956,0.7211919688128433,2.3283807039341915,16
22,Montenegro,Euro,EUR,23284.56728,9465.7,-5.365212264027239,33.28651748788077,0.4065224784370569,0.7160669169081467,2.323098911272113,22
193,Turkmenistan,Turkmenistan Manat,TMT,14992.6,7344.6,-4.545440645143279,8.84254317027971,0.4898816749596468,0.5942196098930637,2.319534431867608,193
94,Ecuador,US Dollar,USD,11720.64464,5965.1,-4.39738983292467,30.89178178943313,0.5089395833777279,0.5719682793315637,2.3177194529667293,94
70,Cameroon,CFA Franc BEAC,XAF,4065.31161,1666.9,-5.365212313336973,0.0507449687828329,0.4100300690111182,0.7099413428150038,2.3167859895773173,70
164,Philippines,Philippine Peso,PHP,8892.789346,3460.5,-5.623699217433557,0.5690309876142281,0.3891354967894907,0.748061536893808,2.315603384965283,164
62,Bosnia and Herzegovina,Convertible Marks,BAM,17376.60824,7143.3,-5.365212270231965,17.019126144849388,0.4110871293948214,0.7081158152939949,2.3149046381492284,62
148,Morocco,Moroccan Dirham,MAD,8852.914063,3795.4,-5.169241013566675,3.0040627836332154,0.42871759208219934,0.6789954579994677,2.3148992503107926,148
115,Guatemala,Quetzal,GTQ,9806.82822,5025.5,-4.405220843819336,3.9600207353859167,0.5124490698991768,0.5680511779357013,2.3125720636052396,115
158,Oman,Rial Omani,OMR,37676.0574,19509.5,-4.399314306359884,80.2442437384464,0.5178222283948426,0.5621568210592892,2.3073350911896835,158
58,Togo,CFA Franc BCEAO,XOF,2334.299325,973.2,-5.365212313336973,0.0507449687828329,0.41691311374559903,0.6982205361041003,2.3047067224732016,58
175,Serbia,Serbian Dinar,RSD,21503.35809,9230.2,-5.241407948612082,0.2833517423566799,0.42924458409556254,0.6781618419289713,2.3030557976299137,175
41,Kiribati,Australian Dollar,AUD,2128.076638,1606.5,-3.146866485471294,20.54091840100245,0.7549070232309932,0.3856068215425906,2.2946700669227518,41
57,Senegal,CFA Franc BCEAO,XOF,3840.032959,1636.9,-5.365212313336973,0.0507449687828329,0.42627238293972153,0.6828903523629057,2.2889076918490723,57
131,Kuwait,Kuwaiti Dinar,KWD,43922.63,24300.3,-4.316385961763656,100.61141597978306,0.5532523894857845,0.5261564221328348,2.281951828045817,131
53,C?te d'Ivoire,CFA Franc BCEAO,XOF,5850.051925,2549.0,-5.365212313336973,0.0507449687828329,0.4357226282226546,0.66807936731606,2.27364373870415,53
190,Tonga,Pa'anga,TOP,6748.512118,4426.0,-3.7700910388728013,13.020829320704806,0.6558482703461006,0.4438485408136636,2.2724308431693383,190
66,Bulgaria,Bulgarian Lev,BGN,27926.10922,12221.5,-5.365212270231965,17.019126144849388,0.43763704795823327,0.665156890044792,2.2706318892344166,66
72,Chad,CFA Franc BEAC,XAF,1566.041161,685.7,-5.365212313336973,0.0507449687828329,0.43785566885237187,0.6648247778800113,2.2702896133370203,72
42,Nauru,Australian Dollar,AUD,13125.34837,10648.1,-3.146866485471294,20.54091840100245,0.8112622766141483,0.3588202067070022,2.267064230277297,42
126,Jamaica,Jamaican Dollar,JMD,10542.73779,5183.6,-4.909307895312944,0.2032392319569085,0.4916749428138818,0.5920523346630533,2.264256458742799,126
191,Trinidad and Tobago,Trinidad and Tobago Dollar,TTD,25308.49072,16032.5,-3.9767894932072347,4.549696596768866,0.6334830542593494,0.45951868140912583,2.260461087012002,191
83,Comoros,Comoro Franc,KMF,3546.843502,1577.5,-5.3652122958225394,0.0676599583771106,0.4447616589540747,0.654501780735421,2.2596509080694305,83
65,Brunei Darussalam,Brunei Dollar,BND,66055.2483,31449.1,-5.078868638038987,23.184035520911067,0.47610297151816167,0.6114166791693245,2.2589045757121653,65
92,Djibouti,Djibouti Franc,DJF,5397.679018,3150.4,-4.2991855246470525,0.1734976622760642,0.5836582704333013,0.49874612000644586,2.256123858623793,92
187,Taiwan,Taiwan Dollar,TWD,65480.0,32811.0,-4.918417437701404,1.0165328727817249,0.5010843005497861,0.5809347797743654,2.2514490635711057,187
56,Niger,CFA Franc BCEAO,XOF,1303.567363,590.6,-5.365212313336973,0.0507449687828329,0.4530644267134817,0.6425075124522458,2.247289813341628,56
198,United Arab Emirates,UAE Dirham,AED,76609.198,44315.6,-4.39738983602986,8.411649227891935,0.5784631761841443,0.5032252868860504,2.246874075773318,198
36,St. Vincent and the Grenadines,East Caribbean Dollar,XCD,15045.30178,8666.4,-4.432153227755504,11.439906254652124,0.5760203501880173,0.5053593986623313,2.244138309240443,36
1,Albania,Lek,ALL,15709.25126,6492.9,-5.806032766853616,0.290886362616959,0.4133169616131024,0.7042955523823196,2.241302946002262,1
81,"China, Macao SAR",Pataca,MOP,71185.65564,43873.6,-4.287364740801171,3.8206943922925687,0.616326415842505,0.47231027310480944,2.2305411161501296,81
74,Equatorial Guinea,CFA Franc BEAC,XAF,16080.14326,7506.7,-5.365212313336973,0.0507449687828329,0.46683041802700953,0.6235611188717352,2.2277639774189355,74
113,Ghana,Cedi,GHS,5435.24,2363.3,-5.788178115790173,2.583556697287963,0.4348106063393705,0.6694806739858593,2.2083070663013267,113
50,Belize,Belize Dollar,BZD,9626.573571,6228.3,-4.327367110041043,15.349263892373152,0.6469903288084474,0.4499252690907939,2.2018421310451766,50
68,Cabo Verde,Cabo Verde Escudo,CVE,6716.956331,3293.2,-5.3652122899276975,0.3018637661003063,0.4902815855451182,0.5937349196271082,2.1970255996045953,68
165,Poland,Zloty,PLN,37836.76295,17999.9,-5.489981676194987,7.089060416606066,0.47572515713847563,0.611902257890365,2.1963452890190958,165
32,Dominica,East Caribbean Dollar,XCD,11950.55716,7653.2,-4.432153227755504,11.439906254652124,0.6404052880158769,0.4545516772513987,2.1917767224476803,32
100,State of Palestine,US Dollar,USD,5643.07,3663.97,-4.39738983292467,30.89178178943313,0.6492866471619172,0.4483340279069206,2.1903040639912916,100
166,Qatar,Qatari Rial,QAR,102018.1159,66838.4,-4.397389835251256,8.486753238855256,0.6551620700926902,0.44431341659797,2.1861604889809456,166
43,Tuvalu,Australian Dollar,AUD,5409.511692,5632.0,-3.146866485471294,20.54091840100245,1.0411290927292074,0.2795976981348219,2.185418839707784,43
71,Central African Republic,CFA Franc BEAC,XAF,920.0784701,461.1,-5.365212313336973,0.0507449687828329,0.5011529070448575,0.580855251353907,2.1837520255640386,71
163,Peru,Nuevo Sol,PEN,13748.53362,6621.6,-5.525535429650741,8.214141991635977,0.48162227209217096,0.6044099591236779,2.1830506009910184,163
161,Papua New Guinea,Kina,PGK,4040.039446,2672.9,-4.403849753938581,8.779540268894161,0.6616024510964639,0.4399882396231312,2.180787025458074,161
40,Australia,Australian Dollar,AUD,56281.37865,60433.1,-3.146866485471294,20.54091840100245,1.0737672290477909,0.27109907055593874,2.1766602964542523,40
76,Canada,Canadian Dollar,CAD,52085.03569,51987.9,-3.3169900331100366,22.421300988011307,0.9981350557081667,0.29164119236524694,2.1757334340060144,76
13,Hungary,Forint,EUR,36752.4965,18728.1,-5.365212264027239,33.28651748788077,0.509573546928982,0.5712566901139619,2.1738599167217343,13
6,Croatia,Croatian Kuna,EUR,34314.01846,17685.3,-5.365212264027239,33.28651748788077,0.5153957709912592,0.5648034271379746,2.167209291973564,6
39,Aruba,Aruban Guilder,AWG,42698.35987,29342.1,-4.397389838045964,17.2579786533146,0.6871950137976107,0.4236021681525391,2.16481582279488,39
80,"China, Hong Kong SAR",Hong Kong Dollar,HKD,65891.69471,49800.5,-4.287364740894792,3.935315224061346,0.7557932789432728,0.3851546525992998,2.140719993267365,80
173,Sao Tome and Principe,Dobra,STN,4451.642512,2360.5,-5.431972706481216,1.354868695647622,0.5302537195286807,0.5489773802002286,2.1405468517960613,173
79,China,Yuan Renminbi,CNY,19338.23408,12556.3,-4.748465540017953,4.500110094169267,0.6492992042632261,0.44832535736524787,2.1397882036570137,79
178,Solomon Islands,Solomon Islands Dollar,SBD,2648.732207,2304.8,-3.917583102068445,3.713203446307432,0.8701521406765603,0.33453609338011636,2.139755546251366,178
146,Mexico,Mexican Peso,MXN,20277.17677,10045.7,-5.7250553833750795,1.673765320517888,0.49541906715843076,0.5875779054244424,2.134050943206616,146
18,Lithuania,Euro,EUR,42581.26696,23723.3,-5.365212264027239,33.28651748788077,0.5571299703760623,0.5224944147086388,2.123606332326607,18
157,Norway,Norwegian Krone,NOK,79201.23025,89154.3,-3.4601355122903743,2.947136368723087,1.1256681205403374,0.25859957520032717,2.122884468607715,157
31,Antigua and Barbuda,East Caribbean Dollar,XCD,21010.00357,15781.4,-4.432153227755504,11.439906254652124,0.7511374259133455,0.38754199663839434,2.122717667840714,31
104,Zimbabwe,US Dollar,USD,2323.687257,1773.9,-4.39738983292467,30.89178178943313,0.7633987726430089,0.38131748205522575,2.121237934184305,104
34,Saint Kitts and Nevis,East Caribbean Dollar,XCD,23899.89,18082.61,-4.432153227755504,11.439906254652124,0.7565980429198629,0.38474497854221157,2.119835107833355,34
177,Singapore,Singapore Dollar,SGD,116486.4732,72794.0,-5.078868638038987,23.184035520911067,0.6249137603729942,0.46581995188349473,2.108855026926875,177
98,Palau,US Dollar,USD,15144.56896,12083.9,-4.39738983292467,30.89178178943313,0.7979031976358077,0.3648278370744785,2.104243982224565,98
78,Chile,Chilean Peso,CLP,28684.78027,16265.1,-5.462696592517439,0.03811596083656,0.5670289208040707,0.5133729288013983,2.099066285108545,78
167,Republic of Korea,Won,KRW,47242.52723,34997.8,-4.643530785707965,0.0238714199936418,0.740811342069263,0.39294389982634126,2.097967148475801,167
87,Cura?ao,Netherlands Antillian Guilder,ANG,22832.19418,17717.6,-4.544718685700605,17.28402263625506,0.775991998855714,0.3751292516128221,2.093847186482718,87
184,Sweden,Swedish Krona,SEK,59323.96461,61028.7,-3.888112834282944,2.929955677808603,1.028736032751807,0.28296597817188746,2.0906261828386152,184
45,Bahamas,Bahamian Dollar,BSD,33188.73247,27478.4,-4.39738983292467,30.89178178943313,0.827943640958217,0.3515907163093634,2.0906020272503802,45
153,New Zealand,New Zealand Dollar,NZD,46419.5087,48781.0,-3.9306217741550684,19.16475667535357,1.0508728197720025,0.27700525916298646,2.0786846856138608,153
17,Latvia,Euro,EUR,34444.31209,21148.2,-5.365212264027239,33.28651748788077,0.6139823592569243,0.47411345521487636,2.0737457257239127,17
75,Gabon,CFA Franc BEAC,XAF,13813.72,8635.3,-5.365212313336973,0.0507449687828329,0.6251248758480699,0.4656626364346283,2.0650364457962116,75
99,Puerto Rico,US Dollar,USD,35850.32193,32640.7,-4.39738983292467,30.89178178943313,0.9104716008891919,0.31972144710937517,2.0577580921378322,99
73,Congo,CFA Franc BEAC,XAF,3553.287985,2290.4,-5.365212313336973,0.0507449687828329,0.6445860874966486,0.4516034451174769,2.05054727867858,73
26,Slovakia,Euro,EUR,33010.29075,21391.4,-5.365212264027239,33.28651748788077,0.648022162603945,0.44920886134290033,2.0480794683647434,26
96,Marshall Islands,US Dollar,USD,6549.621884,6172.1,-4.39738983292467,30.89178178943313,0.9423597437094432,0.30890251810038655,2.046608285089272,96
125,Israel,New Israeli Sheqel,ILS,43721.62304,52170.7,-3.936552461355995,8.61195642978425,1.1932471022923854,0.24395391133072566,2.0438120468534056,125
8,Estonia,Euro,EUR,42138.32058,27943.7,-5.365212264027239,33.28651748788077,0.6631422328981674,0.4389666097966392,2.0375239754514665,8
144,Mauritania,Ouguiya,MRU,5830.817088,2166.0,-7.40813272752594,0.9002417698936694,0.3714745236062531,0.7836265458054196,2.0370693176863828,144
97,Micronesia (FS of),US Dollar,USD,3642.095394,3571.3,-4.39738983292467,30.89178178943313,0.9805619056226181,0.29686784293689916,2.0342055504143794,97
27,Slovenia,Euro,EUR,43602.4892,29291.4,-5.365212264027239,33.28651748788077,0.6717827476693693,0.4333205918106593,2.031705283870805,27
103,United States,US Dollar,USD,69287.53659,70248.6,-4.39738983292467,30.89178178943313,1.013870653472456,0.2871148275090992,2.024154256051393,103
12,Greece,Euro,EUR,29548.04,20192.6,-5.365212264027239,33.28651748788077,0.6833820449681264,0.4259656804443245,2.02412543539174,12
24,Portugal,Euro,EUR,35798.75385,24567.5,-5.365212264027239,33.28651748788077,0.6862669047905979,0.4241750487401182,2.0222800403456733,24
35,Saint Lucia,East Caribbean Dollar,XCD,9362.35,9414.23,-4.432153227755504,11.439906254652124,1.0055413437865492,0.28949311690367896,2.0216701344424197,35
20,Malta,Euro,EUR,48581.45094,33486.7,-5.365212264027239,33.28651748788077,0.6892898287734837,0.42231480233250784,2.0203629015521383,20
102,Turks and Caicos Islands,US Dollar,USD,20337.69338,20908.6,-4.39738983292467,30.89178178943313,1.028071355454765,0.2831489237043432,2.0200670620084855,102
88,Czechia,Czech Koruna,CZK,45093.65777,26821.2,-5.85621601046313,1.4043927441467718,0.5947887425056848,0.4894129242627683,2.0117137379193064,88
7,Cyprus,Euro,EUR,44109.67188,31551.8,-5.365212264027239,33.28651748788077,0.7153034392510652,0.406956379369664,2.004534768059109,7
33,Grenada,East Caribbean Dollar,XCD,8223.3,9010.6,-4.432153227755504,11.439906254652124,1.0957401529799473,0.26566270935369213,1.9971109155169469,33
200,Uruguay,Peso Uruguayo,UYU,25048.72397,17313.2,-5.522187905929305,0.7958391691572265,0.6911809168696749,0.4211593385804799,1.9947211722697962,200
48,Barbados,Barbados Dollar,BBD,15110.95733,17225.5,-4.39738983790081,15.445890894716566,1.1399343948779452,0.2553632025634688,1.991431562431736,48
28,Spain,Euro,EUR,40698.6887,30103.5,-5.365212264027239,33.28651748788077,0.7396675657513261,0.39355152404525995,1.990719948657226,28
77,Cayman Islands,Cayman Islands Dollar,KYD,74155.27789,86568.8,-4.488961972622819,37.67275014662117,1.1673990370370386,0.24935543764633594,1.9722095620995672,77
15,Italy,Euro,EUR,45902.23562,35657.5,-5.365212264027239,33.28651748788077,0.7768140161012924,0.3747322933863289,1.9713251647118746,15
202,Vanuatu,Vatu,VUV,3057.4114,2996.6,-4.897177123293228,0.2617747863128534,0.9801101677059227,0.29700467088269633,1.9619810770307162,202
59,Bermuda,Bermudian Dollar,BMD,88185.46587,114090.3,-4.39738983292467,30.89178178943313,1.293754008945057,0.22500204503763915,1.9601418626591651,59
25,San Marino,Euro,EUR,56364.21,45320.2,-5.365212264027239,33.28651748788077,0.8040598812615309,0.3620343516350603,1.9582388785995548,25
10,France,Euro,EUR,50541.25936,43659.0,-5.365212264027239,33.28651748788077,0.863828890551017,0.3369849063540784,1.9324233398041375,10
5,Belgium,Euro,EUR,58905.16378,51247.0,-5.365212264027239,33.28651748788077,0.8699916392966525,0.3345978106451925,1.9299632389440236,5
23,Netherlands,Euro,EUR,63768.20005,57767.9,-5.365212264027239,33.28651748788077,0.9059045096882894,0.32133331347301153,1.9162930703031986,23
4,Austria,Euro,EUR,58430.64025,53637.7,-5.365212264027239,33.28651748788077,0.9179721421929824,0.31710907598227034,1.9119396418899124,4
90,Denmark,Danish Krone,DKK,64651.21645,68007.8,-5.131507979963378,4.46025417165438,1.0519183355597945,0.27672993990866224,1.906044755774134,90
14,Ireland,Euro,EUR,106351.3735,100172.1,-5.365212264027239,33.28651748788077,0.941897567500621,0.3090540923263293,1.9036383106335162,14
199,United Kingdom,Pound Sterling,GBP,49675.30467,46510.3,-5.419885586577923,37.77636695295253,0.9362861548404069,0.31090633593519323,1.897074180577334,199
11,Germany,Euro,EUR,53179.65,51203.6,-5.365212264027239,33.28651748788077,0.9628419893699939,0.30233132850671846,1.8967099428293255,11
30,Anguilla,East Caribbean Dollar,XCD,12200.0,21241.0,-4.432153227755504,11.439906254652124,1.7410655737704919,0.16719490763226963,1.8956316481349742,30
9,Finland,Euro,EUR,55013.3859,53654.8,-5.365212264027239,33.28651748788077,0.9753044485851216,0.29846813291027025,1.8927285981458122,9
19,Luxembourg,Euro,EUR,134544.5291,133490.1,-5.365212264027239,33.28651748788077,0.9921629730539522,0.29339665528160414,1.8875020182353852,19
138,Liechtenstein,Swiss Franc,CHF,139100.0,157755.0,-5.197514389992374,33.57285770276693,1.1341121495327102,0.2566741727511015,1.875367513396604,138
139,Switzerland,Swiss Franc,CHF,77273.60724,91991.6,-5.197514389992374,33.57285770276693,1.1904659726093565,0.24452382889217075,1.8628455725013287,139
3,Andorra,Euro,EUR,36839.88,42137.3,-5.365212264027239,33.28651748788077,1.1437957995520074,0.2545011075423572,1.8474169181316362,3
84,Costa Rica,Costa Rican Colon,CRC,23319.50228,12472.4,-7.201153812759027,0.0568201581807541,0.5348484650419391,0.5442612568130978,1.8309589655780867,84
110,French Polynesia,CFP Franc,XPF,15175.68734,19914.6,-5.36521226255507,0.2789410165494618,1.3122700510249177,0.2218272813289667,1.8137438202627925,110
120,Iceland,Iceland Krona,ISK,57611.59178,68727.6,-5.5219962936377325,0.2211903464249492,1.1929474238873392,0.2440151946007076,1.8121894637017761,120
21,Monaco,Euro,EUR,166909.97,234315.5,-5.365212264027239,33.28651748788077,1.4038436409760304,0.20735735041396408,1.798831351566864,21
127,Japan,Yen,JPY,42940.40525,39312.7,-6.534556166681749,0.2363086911294871,0.9155176755114577,0.31795923287407774,1.7204023910011161,127
91,Greenland,Danish Krone,DKK,15037.84954,54571.2,-5.131507979963378,4.46025417165438,3.6289231285924943,0.08021588980342668,1.703520666820039,91
114,Gibraltar,Gibraltar pound,GIP,31363.80736,92843.0,-5.419885586577923,37.77636695295253,2.9601954550456724,0.09833718827319482,1.678003976961151,114
181,Sri Lanka,Sri Lanka Rupee,LKR,14706.54132,4013.7,-10.493058247417004,0.0955455116042196,0.27291937054850635,1.0666054857273122,1.0992257508034982,181
